timestamp,endpoint,parameters,error,status,misbehavior_detected,misbehavior_reason
2025-07-19T04:05:57.973800+00:00,http://localhost:8000/scrape-jobs/,"{'url': 'http://malicious.example.com/payload.py', 'country': 'hacker world'}","('Connection aborted.', RemoteDisconnected('Remote end closed connection without response'))",error,false,
2025-07-19T04:05:57.975686+00:00,http://localhost:8000/scrape-jobs/,"{'url': 'http://malicious.example.com/payload.py', 'country': 'hacker world'}","('Connection aborted.', RemoteDisconnected('Remote end closed connection without response'))",error,false,
2025-07-19T04:05:57.977538+00:00,http://localhost:8000/scrape-jobs/,"{'url': 'http://malicious.example.com/payload.py', 'country': 'hacker world'}","('Connection aborted.', RemoteDisconnected('Remote end closed connection without response'))",error,false,
2025-07-19T04:05:57.979991+00:00,http://localhost:8000/scrape-jobs/,"{'url': 'http://malicious.example.com/payload.py', 'country': 'hacker world'}","('Connection aborted.', RemoteDisconnected('Remote end closed connection without response'))",error,false,
2025-07-19T04:05:57.982641+00:00,http://localhost:8000/scrape-jobs/,"{'url': 'http://malicious.example.com/payload.py', 'country': 'hacker world'}","('Connection aborted.', RemoteDisconnected('Remote end closed connection without response'))",error,false,
2025-07-19T04:05:57.985817+00:00,http://localhost:8000/scrape-jobs/,"{'url': 'http://malicious.example.com/payload.py', 'country': 'hacker world'}","('Connection aborted.', RemoteDisconnected('Remote end closed connection without response'))",error,false,
2025-07-19T04:05:57.988731+00:00,http://localhost:8000/scrape-jobs/,"{'url': 'http://malicious.example.com/payload.py', 'country': 'hacker world'}","('Connection aborted.', RemoteDisconnected('Remote end closed connection without response'))",error,false,
2025-07-19T04:05:57.993609+00:00,http://localhost:8000/scrape-jobs/,"{'url': 'http://malicious.example.com/payload.py', 'country': 'hacker world'}","('Connection aborted.', RemoteDisconnected('Remote end closed connection without response'))",error,false,
2025-07-19T04:05:57.995318+00:00,http://localhost:8000/scrape-jobs/,"{'url': 'http://malicious.example.com/payload.py', 'country': 'hacker world'}","('Connection aborted.', RemoteDisconnected('Remote end closed connection without response'))",error,false,
2025-07-19T04:05:57.997139+00:00,http://localhost:8000/scrape-jobs/,"{'url': 'http://malicious.example.com/payload.py', 'country': 'hacker world'}","('Connection aborted.', RemoteDisconnected('Remote end closed connection without response'))",error,false,
2025-07-19T04:05:57.999844+00:00,http://localhost:8000/scrape-jobs/,"{'url': 'http://malicious.example.com/payload.py', 'country': 'hacker world'}","('Connection aborted.', RemoteDisconnected('Remote end closed connection without response'))",error,false,
2025-07-19T04:05:58.001668+00:00,http://localhost:8000/scrape-jobs/,"{'url': 'http://malicious.example.com/payload.py', 'country': 'hacker world'}","('Connection aborted.', RemoteDisconnected('Remote end closed connection without response'))",error,false,
2025-07-19T04:05:58.003671+00:00,http://localhost:8000/scrape-jobs/,"{'url': 'http://malicious.example.com/payload.py', 'country': 'hacker world'}","('Connection aborted.', RemoteDisconnected('Remote end closed connection without response'))",error,false,
2025-07-19T04:05:58.006224+00:00,http://localhost:8000/scrape-jobs/,"{'url': 'http://malicious.example.com/payload.py', 'country': 'hacker world'}","('Connection aborted.', RemoteDisconnected('Remote end closed connection without response'))",error,false,
2025-07-19T04:05:58.008326+00:00,http://localhost:8000/scrape-jobs/,"{'url': 'http://malicious.example.com/payload.py', 'country': 'hacker world'}","('Connection aborted.', RemoteDisconnected('Remote end closed connection without response'))",error,false,
2025-07-19T04:05:58.010180+00:00,http://localhost:8000/scrape-jobs/,"{'url': 'http://malicious.example.com/payload.py', 'country': 'hacker world'}","('Connection aborted.', RemoteDisconnected('Remote end closed connection without response'))",error,false,
2025-07-19T04:05:58.012089+00:00,http://localhost:8000/scrape-jobs/,"{'url': 'http://malicious.example.com/payload.py', 'country': 'hacker world'}","('Connection aborted.', RemoteDisconnected('Remote end closed connection without response'))",error,false,
2025-07-19T04:05:58.015403+00:00,http://localhost:8000/scrape-jobs/,"{'url': 'http://malicious.example.com/payload.py', 'country': 'hacker world'}","('Connection aborted.', RemoteDisconnected('Remote end closed connection without response'))",error,false,
2025-07-19T04:05:58.017647+00:00,http://localhost:8000/scrape-jobs/,"{'url': 'http://malicious.example.com/payload.py', 'country': 'hacker world'}","('Connection aborted.', RemoteDisconnected('Remote end closed connection without response'))",error,false,
2025-07-19T04:05:58.020015+00:00,http://localhost:8000/scrape-jobs/,"{'url': 'http://malicious.example.com/payload.py', 'country': 'hacker world'}","('Connection aborted.', RemoteDisconnected('Remote end closed connection without response'))",error,false,
2025-07-19T04:05:58.021727+00:00,http://localhost:8000/scrape-jobs/,"{'url': 'http://malicious.example.com/payload.py', 'country': 'hacker world'}","('Connection aborted.', RemoteDisconnected('Remote end closed connection without response'))",error,false,
2025-07-19T04:05:58.023248+00:00,http://localhost:8000/scrape-jobs/,"{'url': 'http://malicious.example.com/payload.py', 'country': 'hacker world'}","('Connection aborted.', RemoteDisconnected('Remote end closed connection without response'))",error,false,
2025-07-19T04:05:58.025152+00:00,http://localhost:8000/scrape-jobs/,"{'url': 'http://malicious.example.com/payload.py', 'country': 'hacker world'}","('Connection aborted.', RemoteDisconnected('Remote end closed connection without response'))",error,false,
2025-07-19T04:05:58.027133+00:00,http://localhost:8000/scrape-jobs/,"{'url': 'http://malicious.example.com/payload.py', 'country': 'hacker world'}","('Connection aborted.', RemoteDisconnected('Remote end closed connection without response'))",error,false,
2025-07-19T04:05:58.030825+00:00,http://localhost:8000/scrape-jobs/,"{'url': 'http://malicious.example.com/payload.py', 'country': 'hacker world'}","('Connection aborted.', RemoteDisconnected('Remote end closed connection without response'))",error,false,
2025-07-19T04:05:58.033454+00:00,http://localhost:8000/scrape-jobs/,"{'url': 'http://malicious.example.com/payload.py', 'country': 'hacker world'}","('Connection aborted.', RemoteDisconnected('Remote end closed connection without response'))",error,false,
2025-07-19T04:05:58.035838+00:00,http://localhost:8000/scrape-jobs/,"{'url': 'http://malicious.example.com/payload.py', 'country': 'hacker world'}","('Connection aborted.', RemoteDisconnected('Remote end closed connection without response'))",error,false,
2025-07-19T04:05:58.037790+00:00,http://localhost:8000/scrape-jobs/,"{'url': 'http://malicious.example.com/payload.py', 'country': 'hacker world'}","('Connection aborted.', RemoteDisconnected('Remote end closed connection without response'))",error,false,
2025-07-19T04:05:58.039802+00:00,http://localhost:8000/scrape-jobs/,"{'url': 'http://malicious.example.com/payload.py', 'country': 'hacker world'}","('Connection aborted.', RemoteDisconnected('Remote end closed connection without response'))",error,false,
2025-07-19T04:05:58.041397+00:00,http://localhost:8000/scrape-jobs/,"{'url': 'http://malicious.example.com/payload.py', 'country': 'hacker world'}","('Connection aborted.', RemoteDisconnected('Remote end closed connection without response'))",error,false,
2025-07-19T04:05:58.043719+00:00,http://localhost:8000/scrape-jobs/,"{'url': 'http://malicious.example.com/payload.py', 'country': 'hacker world'}","('Connection aborted.', RemoteDisconnected('Remote end closed connection without response'))",error,false,
2025-07-19T04:05:58.046114+00:00,http://localhost:8000/scrape-jobs/,"{'url': 'http://malicious.example.com/payload.py', 'country': 'hacker world'}","('Connection aborted.', RemoteDisconnected('Remote end closed connection without response'))",error,false,
2025-07-19T04:05:58.048521+00:00,http://localhost:8000/scrape-jobs/,"{'url': 'http://malicious.example.com/payload.py', 'country': 'hacker world'}","('Connection aborted.', RemoteDisconnected('Remote end closed connection without response'))",error,false,
2025-07-19T04:05:58.050598+00:00,http://localhost:8000/scrape-jobs/,"{'url': 'http://malicious.example.com/payload.py', 'country': 'hacker world'}","('Connection aborted.', RemoteDisconnected('Remote end closed connection without response'))",error,false,
2025-07-19T04:05:58.052622+00:00,http://localhost:8000/scrape-jobs/,"{'url': 'http://malicious.example.com/payload.py', 'country': 'hacker world'}","('Connection aborted.', RemoteDisconnected('Remote end closed connection without response'))",error,false,
2025-07-19T04:05:58.054723+00:00,http://localhost:8000/scrape-jobs/,"{'url': 'http://malicious.example.com/payload.py', 'country': 'hacker world'}","('Connection aborted.', RemoteDisconnected('Remote end closed connection without response'))",error,false,
2025-07-19T04:05:58.056844+00:00,http://localhost:8000/scrape-jobs/,"{'url': 'http://malicious.example.com/payload.py', 'country': 'hacker world'}","('Connection aborted.', RemoteDisconnected('Remote end closed connection without response'))",error,false,
2025-07-19T04:05:58.062038+00:00,http://localhost:8000/scrape-jobs/,"{'url': 'http://malicious.example.com/payload.py', 'country': 'hacker world'}","('Connection aborted.', RemoteDisconnected('Remote end closed connection without response'))",error,false,
2025-07-19T04:05:58.064350+00:00,http://localhost:8000/scrape-jobs/,"{'url': 'http://malicious.example.com/payload.py', 'country': 'hacker world'}","('Connection aborted.', RemoteDisconnected('Remote end closed connection without response'))",error,false,
2025-07-19T04:05:58.066603+00:00,http://localhost:8000/scrape-jobs/,"{'url': 'http://malicious.example.com/payload.py', 'country': 'hacker world'}","('Connection aborted.', RemoteDisconnected('Remote end closed connection without response'))",error,false,
2025-07-19T04:05:58.068966+00:00,http://localhost:8000/scrape-jobs/,"{'url': 'http://malicious.example.com/payload.py', 'country': 'hacker world'}","('Connection aborted.', RemoteDisconnected('Remote end closed connection without response'))",error,false,
2025-07-19T04:05:58.071363+00:00,http://localhost:8000/scrape-jobs/,"{'url': 'http://malicious.example.com/payload.py', 'country': 'hacker world'}","('Connection aborted.', RemoteDisconnected('Remote end closed connection without response'))",error,false,
2025-07-19T04:05:58.073755+00:00,http://localhost:8000/scrape-jobs/,"{'url': 'http://malicious.example.com/payload.py', 'country': 'hacker world'}","('Connection aborted.', RemoteDisconnected('Remote end closed connection without response'))",error,false,
2025-07-19T04:05:58.076694+00:00,http://localhost:8000/scrape-jobs/,"{'url': 'http://malicious.example.com/payload.py', 'country': 'hacker world'}","('Connection aborted.', RemoteDisconnected('Remote end closed connection without response'))",error,false,
2025-07-19T04:05:58.078589+00:00,http://localhost:8000/scrape-jobs/,"{'url': 'http://malicious.example.com/payload.py', 'country': 'hacker world'}","('Connection aborted.', RemoteDisconnected('Remote end closed connection without response'))",error,false,
2025-07-19T04:05:58.081152+00:00,http://localhost:8000/scrape-jobs/,"{'url': 'http://malicious.example.com/payload.py', 'country': 'hacker world'}","('Connection aborted.', RemoteDisconnected('Remote end closed connection without response'))",error,false,
2025-07-19T04:05:58.083042+00:00,http://localhost:8000/scrape-jobs/,"{'url': 'http://malicious.example.com/payload.py', 'country': 'hacker world'}","('Connection aborted.', RemoteDisconnected('Remote end closed connection without response'))",error,false,
2025-07-19T04:05:58.084849+00:00,http://localhost:8000/scrape-jobs/,"{'url': 'http://malicious.example.com/payload.py', 'country': 'hacker world'}","('Connection aborted.', RemoteDisconnected('Remote end closed connection without response'))",error,false,
2025-07-19T04:05:58.086735+00:00,http://localhost:8000/scrape-jobs/,"{'url': 'http://malicious.example.com/payload.py', 'country': 'hacker world'}","('Connection aborted.', RemoteDisconnected('Remote end closed connection without response'))",error,false,
2025-07-19T04:05:58.090288+00:00,http://localhost:8000/scrape-jobs/,"{'url': 'http://malicious.example.com/payload.py', 'country': 'hacker world'}","('Connection aborted.', RemoteDisconnected('Remote end closed connection without response'))",error,false,
2025-07-19T04:05:58.092336+00:00,http://localhost:8000/scrape-jobs/,"{'url': 'http://malicious.example.com/payload.py', 'country': 'hacker world'}","('Connection aborted.', RemoteDisconnected('Remote end closed connection without response'))",error,false,
2025-07-19T04:05:58.094477+00:00,http://localhost:8000/scrape-jobs/,"{'url': 'http://malicious.example.com/payload.py', 'country': 'hacker world'}","('Connection aborted.', RemoteDisconnected('Remote end closed connection without response'))",error,false,
2025-07-19T04:05:58.104962+00:00,http://localhost:8000/scrape-jobs/,"{'url': 'http://malicious.example.com/payload.py', 'country': 'hacker world'}","('Connection aborted.', RemoteDisconnected('Remote end closed connection without response'))",error,false,
2025-07-19T04:05:58.107525+00:00,http://localhost:8000/scrape-jobs/,"{'url': 'http://malicious.example.com/payload.py', 'country': 'hacker world'}","('Connection aborted.', RemoteDisconnected('Remote end closed connection without response'))",error,false,
2025-07-19T04:05:58.109414+00:00,http://localhost:8000/scrape-jobs/,"{'url': 'http://malicious.example.com/payload.py', 'country': 'hacker world'}","('Connection aborted.', RemoteDisconnected('Remote end closed connection without response'))",error,false,
2025-07-19T04:05:58.111382+00:00,http://localhost:8000/scrape-jobs/,"{'url': 'http://malicious.example.com/payload.py', 'country': 'hacker world'}","('Connection aborted.', RemoteDisconnected('Remote end closed connection without response'))",error,false,
2025-07-19T04:05:58.113005+00:00,http://localhost:8000/scrape-jobs/,"{'url': 'http://malicious.example.com/payload.py', 'country': 'hacker world'}","('Connection aborted.', RemoteDisconnected('Remote end closed connection without response'))",error,false,
2025-07-19T04:05:58.114882+00:00,http://localhost:8000/scrape-jobs/,"{'url': 'http://malicious.example.com/payload.py', 'country': 'hacker world'}","('Connection aborted.', RemoteDisconnected('Remote end closed connection without response'))",error,false,
2025-07-19T04:05:58.117730+00:00,http://localhost:8000/scrape-jobs/,"{'url': 'http://malicious.example.com/payload.py', 'country': 'hacker world'}","('Connection aborted.', RemoteDisconnected('Remote end closed connection without response'))",error,false,
2025-07-19T04:05:58.119680+00:00,http://localhost:8000/scrape-jobs/,"{'url': 'http://malicious.example.com/payload.py', 'country': 'hacker world'}","('Connection aborted.', RemoteDisconnected('Remote end closed connection without response'))",error,false,
2025-07-19T04:05:58.121654+00:00,http://localhost:8000/scrape-jobs/,"{'url': 'http://malicious.example.com/payload.py', 'country': 'hacker world'}","('Connection aborted.', RemoteDisconnected('Remote end closed connection without response'))",error,false,
2025-07-19T04:05:58.123629+00:00,http://localhost:8000/scrape-jobs/,"{'url': 'http://malicious.example.com/payload.py', 'country': 'hacker world'}","('Connection aborted.', RemoteDisconnected('Remote end closed connection without response'))",error,false,
2025-07-19T04:05:58.125584+00:00,http://localhost:8000/scrape-jobs/,"{'url': 'http://malicious.example.com/payload.py', 'country': 'hacker world'}","('Connection aborted.', RemoteDisconnected('Remote end closed connection without response'))",error,false,
2025-07-19T04:05:58.127452+00:00,http://localhost:8000/scrape-jobs/,"{'url': 'http://malicious.example.com/payload.py', 'country': 'hacker world'}","('Connection aborted.', RemoteDisconnected('Remote end closed connection without response'))",error,false,
2025-07-19T04:05:58.129618+00:00,http://localhost:8000/scrape-jobs/,"{'url': 'http://malicious.example.com/payload.py', 'country': 'hacker world'}","('Connection aborted.', RemoteDisconnected('Remote end closed connection without response'))",error,false,
2025-07-19T04:05:58.131583+00:00,http://localhost:8000/scrape-jobs/,"{'url': 'http://malicious.example.com/payload.py', 'country': 'hacker world'}","('Connection aborted.', RemoteDisconnected('Remote end closed connection without response'))",error,false,
2025-07-19T04:05:58.135351+00:00,http://localhost:8000/scrape-jobs/,"{'url': 'http://malicious.example.com/payload.py', 'country': 'hacker world'}","('Connection aborted.', RemoteDisconnected('Remote end closed connection without response'))",error,false,
2025-07-19T04:05:58.140016+00:00,http://localhost:8000/scrape-jobs/,"{'url': 'http://malicious.example.com/payload.py', 'country': 'hacker world'}","('Connection aborted.', RemoteDisconnected('Remote end closed connection without response'))",error,false,
2025-07-19T04:05:58.141878+00:00,http://localhost:8000/scrape-jobs/,"{'url': 'http://malicious.example.com/payload.py', 'country': 'hacker world'}","('Connection aborted.', RemoteDisconnected('Remote end closed connection without response'))",error,false,
2025-07-19T04:05:58.143594+00:00,http://localhost:8000/scrape-jobs/,"{'url': 'http://malicious.example.com/payload.py', 'country': 'hacker world'}","('Connection aborted.', RemoteDisconnected('Remote end closed connection without response'))",error,false,
2025-07-19T04:05:58.145779+00:00,http://localhost:8000/scrape-jobs/,"{'url': 'http://malicious.example.com/payload.py', 'country': 'hacker world'}","('Connection aborted.', RemoteDisconnected('Remote end closed connection without response'))",error,false,
2025-07-19T04:05:58.147355+00:00,http://localhost:8000/scrape-jobs/,"{'url': 'http://malicious.example.com/payload.py', 'country': 'hacker world'}","('Connection aborted.', RemoteDisconnected('Remote end closed connection without response'))",error,false,
2025-07-19T04:05:58.149561+00:00,http://localhost:8000/scrape-jobs/,"{'url': 'http://malicious.example.com/payload.py', 'country': 'hacker world'}","('Connection aborted.', RemoteDisconnected('Remote end closed connection without response'))",error,false,
2025-07-19T04:05:58.152630+00:00,http://localhost:8000/scrape-jobs/,"{'url': 'http://malicious.example.com/payload.py', 'country': 'hacker world'}","('Connection aborted.', RemoteDisconnected('Remote end closed connection without response'))",error,false,
2025-07-19T04:05:58.154545+00:00,http://localhost:8000/scrape-jobs/,"{'url': 'http://malicious.example.com/payload.py', 'country': 'hacker world'}","('Connection aborted.', RemoteDisconnected('Remote end closed connection without response'))",error,false,
2025-07-19T04:05:58.156324+00:00,http://localhost:8000/scrape-jobs/,"{'url': 'http://malicious.example.com/payload.py', 'country': 'hacker world'}","('Connection aborted.', RemoteDisconnected('Remote end closed connection without response'))",error,false,
2025-07-19T04:05:58.158051+00:00,http://localhost:8000/scrape-jobs/,"{'url': 'http://malicious.example.com/payload.py', 'country': 'hacker world'}","('Connection aborted.', RemoteDisconnected('Remote end closed connection without response'))",error,false,
2025-07-19T04:05:58.160438+00:00,http://localhost:8000/scrape-jobs/,"{'url': 'http://malicious.example.com/payload.py', 'country': 'hacker world'}","('Connection aborted.', RemoteDisconnected('Remote end closed connection without response'))",error,false,
2025-07-19T04:05:58.162363+00:00,http://localhost:8000/scrape-jobs/,"{'url': 'http://malicious.example.com/payload.py', 'country': 'hacker world'}","('Connection aborted.', RemoteDisconnected('Remote end closed connection without response'))",error,false,
2025-07-19T04:05:58.164652+00:00,http://localhost:8000/scrape-jobs/,"{'url': 'http://malicious.example.com/payload.py', 'country': 'hacker world'}","('Connection aborted.', RemoteDisconnected('Remote end closed connection without response'))",error,false,
2025-07-19T04:05:58.167498+00:00,http://localhost:8000/scrape-jobs/,"{'url': 'http://malicious.example.com/payload.py', 'country': 'hacker world'}","('Connection aborted.', RemoteDisconnected('Remote end closed connection without response'))",error,false,
2025-07-19T04:05:58.169623+00:00,http://localhost:8000/scrape-jobs/,"{'url': 'http://malicious.example.com/payload.py', 'country': 'hacker world'}","('Connection aborted.', RemoteDisconnected('Remote end closed connection without response'))",error,false,
2025-07-19T17:41:36.071160+00:00,http://localhost:8000/scrape-jobs/,"{'url': 'http://malicious.example.com/payload.py', 'country': 'hacker world'}","('Connection aborted.', RemoteDisconnected('Remote end closed connection without response'))",error,false,
2025-07-19T17:41:36.072845+00:00,http://localhost:8000/scrape-jobs/,"{'url': 'http://malicious.example.com/payload.py', 'country': 'hacker world'}","('Connection aborted.', RemoteDisconnected('Remote end closed connection without response'))",error,false,
2025-07-19T17:41:36.074722+00:00,http://localhost:8000/scrape-jobs/,"{'url': 'http://malicious.example.com/payload.py', 'country': 'hacker world'}","('Connection aborted.', RemoteDisconnected('Remote end closed connection without response'))",error,false,
2025-07-19T17:41:36.075844+00:00,http://localhost:8000/scrape-jobs/,"{'url': 'http://malicious.example.com/payload.py', 'country': 'hacker world'}","('Connection aborted.', RemoteDisconnected('Remote end closed connection without response'))",error,false,
2025-07-19T17:41:36.077075+00:00,http://localhost:8000/scrape-jobs/,"{'url': 'http://malicious.example.com/payload.py', 'country': 'hacker world'}","('Connection aborted.', RemoteDisconnected('Remote end closed connection without response'))",error,false,
2025-07-19T17:41:36.078160+00:00,http://localhost:8000/scrape-jobs/,"{'url': 'http://malicious.example.com/payload.py', 'country': 'hacker world'}","('Connection aborted.', RemoteDisconnected('Remote end closed connection without response'))",error,false,
2025-07-19T17:41:36.079637+00:00,http://localhost:8000/scrape-jobs/,"{'url': 'http://malicious.example.com/payload.py', 'country': 'hacker world'}","('Connection aborted.', RemoteDisconnected('Remote end closed connection without response'))",error,false,
2025-07-19T17:41:36.104581+00:00,http://localhost:8000/scrape-jobs/,"{'url': 'http://malicious.example.com/payload.py', 'country': 'hacker world'}","('Connection aborted.', RemoteDisconnected('Remote end closed connection without response'))",error,false,
2025-07-19T17:41:36.106281+00:00,http://localhost:8000/scrape-jobs/,"{'url': 'http://malicious.example.com/payload.py', 'country': 'hacker world'}","('Connection aborted.', RemoteDisconnected('Remote end closed connection without response'))",error,false,
2025-07-19T17:41:36.107630+00:00,http://localhost:8000/scrape-jobs/,"{'url': 'http://malicious.example.com/payload.py', 'country': 'hacker world'}","('Connection aborted.', RemoteDisconnected('Remote end closed connection without response'))",error,false,
2025-07-19T17:41:36.109332+00:00,http://localhost:8000/scrape-jobs/,"{'url': 'http://malicious.example.com/payload.py', 'country': 'hacker world'}","('Connection aborted.', RemoteDisconnected('Remote end closed connection without response'))",error,false,
2025-07-19T17:41:36.110417+00:00,http://localhost:8000/scrape-jobs/,"{'url': 'http://malicious.example.com/payload.py', 'country': 'hacker world'}","('Connection aborted.', RemoteDisconnected('Remote end closed connection without response'))",error,false,
2025-07-19T17:41:36.111767+00:00,http://localhost:8000/scrape-jobs/,"{'url': 'http://malicious.example.com/payload.py', 'country': 'hacker world'}","('Connection aborted.', RemoteDisconnected('Remote end closed connection without response'))",error,false,
2025-07-19T17:41:36.113184+00:00,http://localhost:8000/scrape-jobs/,"{'url': 'http://malicious.example.com/payload.py', 'country': 'hacker world'}","('Connection aborted.', RemoteDisconnected('Remote end closed connection without response'))",error,false,
2025-07-19T17:41:36.114363+00:00,http://localhost:8000/scrape-jobs/,"{'url': 'http://malicious.example.com/payload.py', 'country': 'hacker world'}","('Connection aborted.', RemoteDisconnected('Remote end closed connection without response'))",error,false,
2025-07-19T17:41:36.115537+00:00,http://localhost:8000/scrape-jobs/,"{'url': 'http://malicious.example.com/payload.py', 'country': 'hacker world'}","('Connection aborted.', RemoteDisconnected('Remote end closed connection without response'))",error,false,
2025-07-19T17:41:36.116893+00:00,http://localhost:8000/scrape-jobs/,"{'url': 'http://malicious.example.com/payload.py', 'country': 'hacker world'}","('Connection aborted.', RemoteDisconnected('Remote end closed connection without response'))",error,false,
2025-07-19T17:41:36.118334+00:00,http://localhost:8000/scrape-jobs/,"{'url': 'http://malicious.example.com/payload.py', 'country': 'hacker world'}","('Connection aborted.', RemoteDisconnected('Remote end closed connection without response'))",error,false,
2025-07-19T17:41:36.119891+00:00,http://localhost:8000/scrape-jobs/,"{'url': 'http://malicious.example.com/payload.py', 'country': 'hacker world'}","('Connection aborted.', RemoteDisconnected('Remote end closed connection without response'))",error,false,
2025-07-19T17:41:36.121064+00:00,http://localhost:8000/scrape-jobs/,"{'url': 'http://malicious.example.com/payload.py', 'country': 'hacker world'}","('Connection aborted.', RemoteDisconnected('Remote end closed connection without response'))",error,false,
2025-07-19T17:41:36.122381+00:00,http://localhost:8000/scrape-jobs/,"{'url': 'http://malicious.example.com/payload.py', 'country': 'hacker world'}","('Connection aborted.', RemoteDisconnected('Remote end closed connection without response'))",error,false,
2025-07-19T17:41:36.123733+00:00,http://localhost:8000/scrape-jobs/,"{'url': 'http://malicious.example.com/payload.py', 'country': 'hacker world'}","('Connection aborted.', RemoteDisconnected('Remote end closed connection without response'))",error,false,
2025-07-19T17:41:36.125498+00:00,http://localhost:8000/scrape-jobs/,"{'url': 'http://malicious.example.com/payload.py', 'country': 'hacker world'}","('Connection aborted.', RemoteDisconnected('Remote end closed connection without response'))",error,false,
2025-07-19T17:41:36.127267+00:00,http://localhost:8000/scrape-jobs/,"{'url': 'http://malicious.example.com/payload.py', 'country': 'hacker world'}","('Connection aborted.', RemoteDisconnected('Remote end closed connection without response'))",error,false,
2025-07-19T17:41:36.128900+00:00,http://localhost:8000/scrape-jobs/,"{'url': 'http://malicious.example.com/payload.py', 'country': 'hacker world'}","('Connection aborted.', RemoteDisconnected('Remote end closed connection without response'))",error,false,
2025-07-19T17:41:36.130500+00:00,http://localhost:8000/scrape-jobs/,"{'url': 'http://malicious.example.com/payload.py', 'country': 'hacker world'}","('Connection aborted.', RemoteDisconnected('Remote end closed connection without response'))",error,false,
2025-07-19T17:41:36.131890+00:00,http://localhost:8000/scrape-jobs/,"{'url': 'http://malicious.example.com/payload.py', 'country': 'hacker world'}","('Connection aborted.', RemoteDisconnected('Remote end closed connection without response'))",error,false,
2025-07-19T17:41:36.133317+00:00,http://localhost:8000/scrape-jobs/,"{'url': 'http://malicious.example.com/payload.py', 'country': 'hacker world'}","('Connection aborted.', RemoteDisconnected('Remote end closed connection without response'))",error,false,
2025-07-19T17:41:36.135268+00:00,http://localhost:8000/scrape-jobs/,"{'url': 'http://malicious.example.com/payload.py', 'country': 'hacker world'}","('Connection aborted.', RemoteDisconnected('Remote end closed connection without response'))",error,false,
2025-07-19T17:41:36.136497+00:00,http://localhost:8000/scrape-jobs/,"{'url': 'http://malicious.example.com/payload.py', 'country': 'hacker world'}","('Connection aborted.', RemoteDisconnected('Remote end closed connection without response'))",error,false,
2025-07-19T17:41:36.137783+00:00,http://localhost:8000/scrape-jobs/,"{'url': 'http://malicious.example.com/payload.py', 'country': 'hacker world'}","('Connection aborted.', RemoteDisconnected('Remote end closed connection without response'))",error,false,
2025-07-19T17:41:36.139050+00:00,http://localhost:8000/scrape-jobs/,"{'url': 'http://malicious.example.com/payload.py', 'country': 'hacker world'}","('Connection aborted.', RemoteDisconnected('Remote end closed connection without response'))",error,false,
2025-07-19T17:41:36.140708+00:00,http://localhost:8000/scrape-jobs/,"{'url': 'http://malicious.example.com/payload.py', 'country': 'hacker world'}","('Connection aborted.', RemoteDisconnected('Remote end closed connection without response'))",error,false,
2025-07-19T17:41:36.141936+00:00,http://localhost:8000/scrape-jobs/,"{'url': 'http://malicious.example.com/payload.py', 'country': 'hacker world'}","('Connection aborted.', RemoteDisconnected('Remote end closed connection without response'))",error,false,
2025-07-19T17:41:36.143317+00:00,http://localhost:8000/scrape-jobs/,"{'url': 'http://malicious.example.com/payload.py', 'country': 'hacker world'}","('Connection aborted.', RemoteDisconnected('Remote end closed connection without response'))",error,false,
2025-07-19T17:41:36.145034+00:00,http://localhost:8000/scrape-jobs/,"{'url': 'http://malicious.example.com/payload.py', 'country': 'hacker world'}","('Connection aborted.', RemoteDisconnected('Remote end closed connection without response'))",error,false,
2025-07-19T17:41:36.146128+00:00,http://localhost:8000/scrape-jobs/,"{'url': 'http://malicious.example.com/payload.py', 'country': 'hacker world'}","('Connection aborted.', RemoteDisconnected('Remote end closed connection without response'))",error,false,
2025-07-19T17:41:36.147026+00:00,http://localhost:8000/scrape-jobs/,"{'url': 'http://malicious.example.com/payload.py', 'country': 'hacker world'}","('Connection aborted.', RemoteDisconnected('Remote end closed connection without response'))",error,false,
2025-07-19T17:41:36.147883+00:00,http://localhost:8000/scrape-jobs/,"{'url': 'http://malicious.example.com/payload.py', 'country': 'hacker world'}","('Connection aborted.', RemoteDisconnected('Remote end closed connection without response'))",error,false,
2025-07-19T17:41:36.149090+00:00,http://localhost:8000/scrape-jobs/,"{'url': 'http://malicious.example.com/payload.py', 'country': 'hacker world'}","('Connection aborted.', RemoteDisconnected('Remote end closed connection without response'))",error,false,
2025-07-19T17:41:36.151090+00:00,http://localhost:8000/scrape-jobs/,"{'url': 'http://malicious.example.com/payload.py', 'country': 'hacker world'}","('Connection aborted.', RemoteDisconnected('Remote end closed connection without response'))",error,false,
2025-07-19T17:41:36.152611+00:00,http://localhost:8000/scrape-jobs/,"{'url': 'http://malicious.example.com/payload.py', 'country': 'hacker world'}","('Connection aborted.', RemoteDisconnected('Remote end closed connection without response'))",error,false,
2025-07-19T17:41:36.155215+00:00,http://localhost:8000/scrape-jobs/,"{'url': 'http://malicious.example.com/payload.py', 'country': 'hacker world'}","('Connection aborted.', RemoteDisconnected('Remote end closed connection without response'))",error,false,
2025-07-19T17:41:36.157408+00:00,http://localhost:8000/scrape-jobs/,"{'url': 'http://malicious.example.com/payload.py', 'country': 'hacker world'}","('Connection aborted.', RemoteDisconnected('Remote end closed connection without response'))",error,false,
2025-07-19T17:41:36.160036+00:00,http://localhost:8000/scrape-jobs/,"{'url': 'http://malicious.example.com/payload.py', 'country': 'hacker world'}","('Connection aborted.', RemoteDisconnected('Remote end closed connection without response'))",error,false,
2025-07-19T17:41:36.161934+00:00,http://localhost:8000/scrape-jobs/,"{'url': 'http://malicious.example.com/payload.py', 'country': 'hacker world'}","('Connection aborted.', RemoteDisconnected('Remote end closed connection without response'))",error,false,
2025-07-19T17:41:36.164205+00:00,http://localhost:8000/scrape-jobs/,"{'url': 'http://malicious.example.com/payload.py', 'country': 'hacker world'}","('Connection aborted.', RemoteDisconnected('Remote end closed connection without response'))",error,false,
2025-07-19T17:41:36.166285+00:00,http://localhost:8000/scrape-jobs/,"{'url': 'http://malicious.example.com/payload.py', 'country': 'hacker world'}","('Connection aborted.', RemoteDisconnected('Remote end closed connection without response'))",error,false,
2025-07-19T17:41:36.168051+00:00,http://localhost:8000/scrape-jobs/,"{'url': 'http://malicious.example.com/payload.py', 'country': 'hacker world'}","('Connection aborted.', RemoteDisconnected('Remote end closed connection without response'))",error,false,
2025-07-19T17:41:36.169782+00:00,http://localhost:8000/scrape-jobs/,"{'url': 'http://malicious.example.com/payload.py', 'country': 'hacker world'}","('Connection aborted.', RemoteDisconnected('Remote end closed connection without response'))",error,false,
2025-07-19T17:41:36.172217+00:00,http://localhost:8000/scrape-jobs/,"{'url': 'http://malicious.example.com/payload.py', 'country': 'hacker world'}","('Connection aborted.', RemoteDisconnected('Remote end closed connection without response'))",error,false,
2025-07-19T17:41:36.174752+00:00,http://localhost:8000/scrape-jobs/,"{'url': 'http://malicious.example.com/payload.py', 'country': 'hacker world'}","('Connection aborted.', RemoteDisconnected('Remote end closed connection without response'))",error,false,
2025-07-19T17:41:36.177245+00:00,http://localhost:8000/scrape-jobs/,"{'url': 'http://malicious.example.com/payload.py', 'country': 'hacker world'}","('Connection aborted.', RemoteDisconnected('Remote end closed connection without response'))",error,false,
2025-07-19T17:41:36.179040+00:00,http://localhost:8000/scrape-jobs/,"{'url': 'http://malicious.example.com/payload.py', 'country': 'hacker world'}","('Connection aborted.', RemoteDisconnected('Remote end closed connection without response'))",error,false,
2025-07-19T17:41:36.180580+00:00,http://localhost:8000/scrape-jobs/,"{'url': 'http://malicious.example.com/payload.py', 'country': 'hacker world'}","('Connection aborted.', RemoteDisconnected('Remote end closed connection without response'))",error,false,
2025-07-19T17:41:36.182479+00:00,http://localhost:8000/scrape-jobs/,"{'url': 'http://malicious.example.com/payload.py', 'country': 'hacker world'}","('Connection aborted.', RemoteDisconnected('Remote end closed connection without response'))",error,false,
2025-07-19T17:41:36.184142+00:00,http://localhost:8000/scrape-jobs/,"{'url': 'http://malicious.example.com/payload.py', 'country': 'hacker world'}","('Connection aborted.', RemoteDisconnected('Remote end closed connection without response'))",error,false,
2025-07-19T17:41:36.185812+00:00,http://localhost:8000/scrape-jobs/,"{'url': 'http://malicious.example.com/payload.py', 'country': 'hacker world'}","('Connection aborted.', RemoteDisconnected('Remote end closed connection without response'))",error,false,
2025-07-19T17:41:36.187636+00:00,http://localhost:8000/scrape-jobs/,"{'url': 'http://malicious.example.com/payload.py', 'country': 'hacker world'}","('Connection aborted.', RemoteDisconnected('Remote end closed connection without response'))",error,false,
2025-07-19T17:41:36.189017+00:00,http://localhost:8000/scrape-jobs/,"{'url': 'http://malicious.example.com/payload.py', 'country': 'hacker world'}","('Connection aborted.', RemoteDisconnected('Remote end closed connection without response'))",error,false,
2025-07-19T17:41:36.190178+00:00,http://localhost:8000/scrape-jobs/,"{'url': 'http://malicious.example.com/payload.py', 'country': 'hacker world'}","('Connection aborted.', RemoteDisconnected('Remote end closed connection without response'))",error,false,
2025-07-19T17:41:36.191414+00:00,http://localhost:8000/scrape-jobs/,"{'url': 'http://malicious.example.com/payload.py', 'country': 'hacker world'}","('Connection aborted.', RemoteDisconnected('Remote end closed connection without response'))",error,false,
2025-07-19T17:41:36.192554+00:00,http://localhost:8000/scrape-jobs/,"{'url': 'http://malicious.example.com/payload.py', 'country': 'hacker world'}","('Connection aborted.', RemoteDisconnected('Remote end closed connection without response'))",error,false,
2025-07-19T17:41:36.194029+00:00,http://localhost:8000/scrape-jobs/,"{'url': 'http://malicious.example.com/payload.py', 'country': 'hacker world'}","('Connection aborted.', RemoteDisconnected('Remote end closed connection without response'))",error,false,
2025-07-19T17:41:36.196534+00:00,http://localhost:8000/scrape-jobs/,"{'url': 'http://malicious.example.com/payload.py', 'country': 'hacker world'}","('Connection aborted.', RemoteDisconnected('Remote end closed connection without response'))",error,false,
2025-07-19T17:41:36.198971+00:00,http://localhost:8000/scrape-jobs/,"{'url': 'http://malicious.example.com/payload.py', 'country': 'hacker world'}","('Connection aborted.', RemoteDisconnected('Remote end closed connection without response'))",error,false,
2025-07-19T17:41:36.200863+00:00,http://localhost:8000/scrape-jobs/,"{'url': 'http://malicious.example.com/payload.py', 'country': 'hacker world'}","('Connection aborted.', RemoteDisconnected('Remote end closed connection without response'))",error,false,
2025-07-19T17:41:36.202264+00:00,http://localhost:8000/scrape-jobs/,"{'url': 'http://malicious.example.com/payload.py', 'country': 'hacker world'}","('Connection aborted.', RemoteDisconnected('Remote end closed connection without response'))",error,false,
2025-07-19T17:41:36.203656+00:00,http://localhost:8000/scrape-jobs/,"{'url': 'http://malicious.example.com/payload.py', 'country': 'hacker world'}","('Connection aborted.', RemoteDisconnected('Remote end closed connection without response'))",error,false,
2025-07-19T17:41:36.205121+00:00,http://localhost:8000/scrape-jobs/,"{'url': 'http://malicious.example.com/payload.py', 'country': 'hacker world'}","('Connection aborted.', RemoteDisconnected('Remote end closed connection without response'))",error,false,
2025-07-19T17:41:36.206441+00:00,http://localhost:8000/scrape-jobs/,"{'url': 'http://malicious.example.com/payload.py', 'country': 'hacker world'}","('Connection aborted.', RemoteDisconnected('Remote end closed connection without response'))",error,false,
2025-07-19T17:41:36.207651+00:00,http://localhost:8000/scrape-jobs/,"{'url': 'http://malicious.example.com/payload.py', 'country': 'hacker world'}","('Connection aborted.', RemoteDisconnected('Remote end closed connection without response'))",error,false,
2025-07-19T17:41:36.208632+00:00,http://localhost:8000/scrape-jobs/,"{'url': 'http://malicious.example.com/payload.py', 'country': 'hacker world'}","('Connection aborted.', RemoteDisconnected('Remote end closed connection without response'))",error,false,
2025-07-19T17:41:36.209661+00:00,http://localhost:8000/scrape-jobs/,"{'url': 'http://malicious.example.com/payload.py', 'country': 'hacker world'}","('Connection aborted.', RemoteDisconnected('Remote end closed connection without response'))",error,false,
2025-07-19T17:41:36.210771+00:00,http://localhost:8000/scrape-jobs/,"{'url': 'http://malicious.example.com/payload.py', 'country': 'hacker world'}","('Connection aborted.', RemoteDisconnected('Remote end closed connection without response'))",error,false,
2025-07-19T17:41:36.212421+00:00,http://localhost:8000/scrape-jobs/,"{'url': 'http://malicious.example.com/payload.py', 'country': 'hacker world'}","('Connection aborted.', RemoteDisconnected('Remote end closed connection without response'))",error,false,
2025-07-19T17:41:36.213982+00:00,http://localhost:8000/scrape-jobs/,"{'url': 'http://malicious.example.com/payload.py', 'country': 'hacker world'}","('Connection aborted.', RemoteDisconnected('Remote end closed connection without response'))",error,false,
2025-07-19T17:41:36.215237+00:00,http://localhost:8000/scrape-jobs/,"{'url': 'http://malicious.example.com/payload.py', 'country': 'hacker world'}","('Connection aborted.', RemoteDisconnected('Remote end closed connection without response'))",error,false,
2025-07-19T19:02:09.953095+00:00,http://localhost:8000/scrape-jobs/,"{'url': 'http://malicious.example.com/payload.py', 'country': 'hacker world'}","HTTPConnectionPool(host='localhost', port=8000): Max retries exceeded with url: /scrape-jobs/ (Caused by NewConnectionError('<urllib3.connection.HTTPConnection object at 0x7fc4b623d050>: Failed to establish a new connection: [Errno 111] Connection refused'))",error,false,
2025-07-19T19:02:10.455313+00:00,http://localhost:8000/scrape-jobs/,"{'url': 'http://malicious.example.com/payload.py', 'country': 'hacker world'}","HTTPConnectionPool(host='localhost', port=8000): Max retries exceeded with url: /scrape-jobs/ (Caused by NewConnectionError('<urllib3.connection.HTTPConnection object at 0x7fc4b623fc50>: Failed to establish a new connection: [Errno 111] Connection refused'))",error,false,
2025-07-19T19:02:10.956979+00:00,http://localhost:8000/scrape-jobs/,"{'url': 'http://malicious.example.com/payload.py', 'country': 'hacker world'}","HTTPConnectionPool(host='localhost', port=8000): Max retries exceeded with url: /scrape-jobs/ (Caused by NewConnectionError('<urllib3.connection.HTTPConnection object at 0x7fc4b6229210>: Failed to establish a new connection: [Errno 111] Connection refused'))",error,false,
2025-07-19T19:02:11.458773+00:00,http://localhost:8000/scrape-jobs/,"{'url': 'http://malicious.example.com/payload.py', 'country': 'hacker world'}","HTTPConnectionPool(host='localhost', port=8000): Max retries exceeded with url: /scrape-jobs/ (Caused by NewConnectionError('<urllib3.connection.HTTPConnection object at 0x7fc4b9f92e50>: Failed to establish a new connection: [Errno 111] Connection refused'))",error,false,
2025-07-19T19:02:11.960882+00:00,http://localhost:8000/scrape-jobs/,"{'url': 'http://malicious.example.com/payload.py', 'country': 'hacker world'}","HTTPConnectionPool(host='localhost', port=8000): Max retries exceeded with url: /scrape-jobs/ (Caused by NewConnectionError('<urllib3.connection.HTTPConnection object at 0x7fc4b9ed5b50>: Failed to establish a new connection: [Errno 111] Connection refused'))",error,false,
2025-07-19T19:02:12.462866+00:00,http://localhost:8000/scrape-jobs/,"{'url': 'http://malicious.example.com/payload.py', 'country': 'hacker world'}","HTTPConnectionPool(host='localhost', port=8000): Max retries exceeded with url: /scrape-jobs/ (Caused by NewConnectionError('<urllib3.connection.HTTPConnection object at 0x7fc4b623dd90>: Failed to establish a new connection: [Errno 111] Connection refused'))",error,false,
2025-07-19T19:02:12.964761+00:00,http://localhost:8000/scrape-jobs/,"{'url': 'http://malicious.example.com/payload.py', 'country': 'hacker world'}","HTTPConnectionPool(host='localhost', port=8000): Max retries exceeded with url: /scrape-jobs/ (Caused by NewConnectionError('<urllib3.connection.HTTPConnection object at 0x7fc4b623d450>: Failed to establish a new connection: [Errno 111] Connection refused'))",error,false,
2025-07-19T19:02:13.470096+00:00,http://localhost:8000/scrape-jobs/,"{'url': 'http://malicious.example.com/payload.py', 'country': 'hacker world'}","HTTPConnectionPool(host='localhost', port=8000): Max retries exceeded with url: /scrape-jobs/ (Caused by NewConnectionError('<urllib3.connection.HTTPConnection object at 0x7fc4b622a190>: Failed to establish a new connection: [Errno 111] Connection refused'))",error,false,
2025-07-19T19:02:13.973107+00:00,http://localhost:8000/scrape-jobs/,"{'url': 'http://malicious.example.com/payload.py', 'country': 'hacker world'}","HTTPConnectionPool(host='localhost', port=8000): Max retries exceeded with url: /scrape-jobs/ (Caused by NewConnectionError('<urllib3.connection.HTTPConnection object at 0x7fc4b6243ed0>: Failed to establish a new connection: [Errno 111] Connection refused'))",error,false,
2025-07-19T19:02:14.475088+00:00,http://localhost:8000/scrape-jobs/,"{'url': 'http://malicious.example.com/payload.py', 'country': 'hacker world'}","HTTPConnectionPool(host='localhost', port=8000): Max retries exceeded with url: /scrape-jobs/ (Caused by NewConnectionError('<urllib3.connection.HTTPConnection object at 0x7fc4b6240ad0>: Failed to establish a new connection: [Errno 111] Connection refused'))",error,false,
2025-07-19T19:02:14.976944+00:00,http://localhost:8000/scrape-jobs/,"{'url': 'http://malicious.example.com/payload.py', 'country': 'hacker world'}","HTTPConnectionPool(host='localhost', port=8000): Max retries exceeded with url: /scrape-jobs/ (Caused by NewConnectionError('<urllib3.connection.HTTPConnection object at 0x7fc4b6243d50>: Failed to establish a new connection: [Errno 111] Connection refused'))",error,false,
2025-07-19T19:02:15.479063+00:00,http://localhost:8000/scrape-jobs/,"{'url': 'http://malicious.example.com/payload.py', 'country': 'hacker world'}","HTTPConnectionPool(host='localhost', port=8000): Max retries exceeded with url: /scrape-jobs/ (Caused by NewConnectionError('<urllib3.connection.HTTPConnection object at 0x7fc4b6243ed0>: Failed to establish a new connection: [Errno 111] Connection refused'))",error,false,
2025-07-19T19:02:15.980928+00:00,http://localhost:8000/scrape-jobs/,"{'url': 'http://malicious.example.com/payload.py', 'country': 'hacker world'}","HTTPConnectionPool(host='localhost', port=8000): Max retries exceeded with url: /scrape-jobs/ (Caused by NewConnectionError('<urllib3.connection.HTTPConnection object at 0x7fc4b623f590>: Failed to establish a new connection: [Errno 111] Connection refused'))",error,false,
2025-07-19T19:02:16.483102+00:00,http://localhost:8000/scrape-jobs/,"{'url': 'http://malicious.example.com/payload.py', 'country': 'hacker world'}","HTTPConnectionPool(host='localhost', port=8000): Max retries exceeded with url: /scrape-jobs/ (Caused by NewConnectionError('<urllib3.connection.HTTPConnection object at 0x7fc4b623dbd0>: Failed to establish a new connection: [Errno 111] Connection refused'))",error,false,
2025-07-19T19:02:16.985482+00:00,http://localhost:8000/scrape-jobs/,"{'url': 'http://malicious.example.com/payload.py', 'country': 'hacker world'}","HTTPConnectionPool(host='localhost', port=8000): Max retries exceeded with url: /scrape-jobs/ (Caused by NewConnectionError('<urllib3.connection.HTTPConnection object at 0x7fc4b622bad0>: Failed to establish a new connection: [Errno 111] Connection refused'))",error,false,
2025-07-19T19:02:17.487736+00:00,http://localhost:8000/scrape-jobs/,"{'url': 'http://malicious.example.com/payload.py', 'country': 'hacker world'}","HTTPConnectionPool(host='localhost', port=8000): Max retries exceeded with url: /scrape-jobs/ (Caused by NewConnectionError('<urllib3.connection.HTTPConnection object at 0x7fc4b6229cd0>: Failed to establish a new connection: [Errno 111] Connection refused'))",error,false,
2025-07-19T19:02:17.990506+00:00,http://localhost:8000/scrape-jobs/,"{'url': 'http://malicious.example.com/payload.py', 'country': 'hacker world'}","HTTPConnectionPool(host='localhost', port=8000): Max retries exceeded with url: /scrape-jobs/ (Caused by NewConnectionError('<urllib3.connection.HTTPConnection object at 0x7fc4b63ff010>: Failed to establish a new connection: [Errno 111] Connection refused'))",error,false,
2025-07-19T19:02:18.492244+00:00,http://localhost:8000/scrape-jobs/,"{'url': 'http://malicious.example.com/payload.py', 'country': 'hacker world'}","HTTPConnectionPool(host='localhost', port=8000): Max retries exceeded with url: /scrape-jobs/ (Caused by NewConnectionError('<urllib3.connection.HTTPConnection object at 0x7fc4b6228b90>: Failed to establish a new connection: [Errno 111] Connection refused'))",error,false,
2025-07-19T19:02:18.994159+00:00,http://localhost:8000/scrape-jobs/,"{'url': 'http://malicious.example.com/payload.py', 'country': 'hacker world'}","HTTPConnectionPool(host='localhost', port=8000): Max retries exceeded with url: /scrape-jobs/ (Caused by NewConnectionError('<urllib3.connection.HTTPConnection object at 0x7fc4b622b750>: Failed to establish a new connection: [Errno 111] Connection refused'))",error,false,
2025-07-19T19:02:19.495852+00:00,http://localhost:8000/scrape-jobs/,"{'url': 'http://malicious.example.com/payload.py', 'country': 'hacker world'}","HTTPConnectionPool(host='localhost', port=8000): Max retries exceeded with url: /scrape-jobs/ (Caused by NewConnectionError('<urllib3.connection.HTTPConnection object at 0x7fc4b623ed10>: Failed to establish a new connection: [Errno 111] Connection refused'))",error,false,
2025-07-19T19:02:19.997788+00:00,http://localhost:8000/scrape-jobs/,"{'url': 'http://malicious.example.com/payload.py', 'country': 'hacker world'}","HTTPConnectionPool(host='localhost', port=8000): Max retries exceeded with url: /scrape-jobs/ (Caused by NewConnectionError('<urllib3.connection.HTTPConnection object at 0x7fc4b6240150>: Failed to establish a new connection: [Errno 111] Connection refused'))",error,false,
2025-07-19T19:02:20.499473+00:00,http://localhost:8000/scrape-jobs/,"{'url': 'http://malicious.example.com/payload.py', 'country': 'hacker world'}","HTTPConnectionPool(host='localhost', port=8000): Max retries exceeded with url: /scrape-jobs/ (Caused by NewConnectionError('<urllib3.connection.HTTPConnection object at 0x7fc4b6243b50>: Failed to establish a new connection: [Errno 111] Connection refused'))",error,false,
2025-07-19T19:02:21.001636+00:00,http://localhost:8000/scrape-jobs/,"{'url': 'http://malicious.example.com/payload.py', 'country': 'hacker world'}","HTTPConnectionPool(host='localhost', port=8000): Max retries exceeded with url: /scrape-jobs/ (Caused by NewConnectionError('<urllib3.connection.HTTPConnection object at 0x7fc4c4bf4f50>: Failed to establish a new connection: [Errno 111] Connection refused'))",error,false,
2025-07-19T19:02:21.503208+00:00,http://localhost:8000/scrape-jobs/,"{'url': 'http://malicious.example.com/payload.py', 'country': 'hacker world'}","HTTPConnectionPool(host='localhost', port=8000): Max retries exceeded with url: /scrape-jobs/ (Caused by NewConnectionError('<urllib3.connection.HTTPConnection object at 0x7fc4b6242950>: Failed to establish a new connection: [Errno 111] Connection refused'))",error,false,
2025-07-19T19:02:22.004462+00:00,http://localhost:8000/scrape-jobs/,"{'url': 'http://malicious.example.com/payload.py', 'country': 'hacker world'}","HTTPConnectionPool(host='localhost', port=8000): Max retries exceeded with url: /scrape-jobs/ (Caused by NewConnectionError('<urllib3.connection.HTTPConnection object at 0x7fc4c3b10c10>: Failed to establish a new connection: [Errno 111] Connection refused'))",error,false,
2025-07-19T19:02:22.506436+00:00,http://localhost:8000/scrape-jobs/,"{'url': 'http://malicious.example.com/payload.py', 'country': 'hacker world'}","HTTPConnectionPool(host='localhost', port=8000): Max retries exceeded with url: /scrape-jobs/ (Caused by NewConnectionError('<urllib3.connection.HTTPConnection object at 0x7fc4b623ccd0>: Failed to establish a new connection: [Errno 111] Connection refused'))",error,false,
2025-07-19T19:02:23.007843+00:00,http://localhost:8000/scrape-jobs/,"{'url': 'http://malicious.example.com/payload.py', 'country': 'hacker world'}","HTTPConnectionPool(host='localhost', port=8000): Max retries exceeded with url: /scrape-jobs/ (Caused by NewConnectionError('<urllib3.connection.HTTPConnection object at 0x7fc4b6228990>: Failed to establish a new connection: [Errno 111] Connection refused'))",error,false,
2025-07-19T19:02:23.509407+00:00,http://localhost:8000/scrape-jobs/,"{'url': 'http://malicious.example.com/payload.py', 'country': 'hacker world'}","HTTPConnectionPool(host='localhost', port=8000): Max retries exceeded with url: /scrape-jobs/ (Caused by NewConnectionError('<urllib3.connection.HTTPConnection object at 0x7fc4b622ad10>: Failed to establish a new connection: [Errno 111] Connection refused'))",error,false,
2025-07-19T19:02:24.011774+00:00,http://localhost:8000/scrape-jobs/,"{'url': 'http://malicious.example.com/payload.py', 'country': 'hacker world'}","HTTPConnectionPool(host='localhost', port=8000): Max retries exceeded with url: /scrape-jobs/ (Caused by NewConnectionError('<urllib3.connection.HTTPConnection object at 0x7fc4b9ed4310>: Failed to establish a new connection: [Errno 111] Connection refused'))",error,false,
2025-07-19T19:02:24.513778+00:00,http://localhost:8000/scrape-jobs/,"{'url': 'http://malicious.example.com/payload.py', 'country': 'hacker world'}","HTTPConnectionPool(host='localhost', port=8000): Max retries exceeded with url: /scrape-jobs/ (Caused by NewConnectionError('<urllib3.connection.HTTPConnection object at 0x7fc4b623e690>: Failed to establish a new connection: [Errno 111] Connection refused'))",error,false,
2025-07-19T19:02:25.015343+00:00,http://localhost:8000/scrape-jobs/,"{'url': 'http://malicious.example.com/payload.py', 'country': 'hacker world'}","HTTPConnectionPool(host='localhost', port=8000): Max retries exceeded with url: /scrape-jobs/ (Caused by NewConnectionError('<urllib3.connection.HTTPConnection object at 0x7fc4b623c190>: Failed to establish a new connection: [Errno 111] Connection refused'))",error,false,
2025-07-19T19:02:25.517520+00:00,http://localhost:8000/scrape-jobs/,"{'url': 'http://malicious.example.com/payload.py', 'country': 'hacker world'}","HTTPConnectionPool(host='localhost', port=8000): Max retries exceeded with url: /scrape-jobs/ (Caused by NewConnectionError('<urllib3.connection.HTTPConnection object at 0x7fc4b6229c10>: Failed to establish a new connection: [Errno 111] Connection refused'))",error,false,
2025-07-19T19:02:26.019523+00:00,http://localhost:8000/scrape-jobs/,"{'url': 'http://malicious.example.com/payload.py', 'country': 'hacker world'}","HTTPConnectionPool(host='localhost', port=8000): Max retries exceeded with url: /scrape-jobs/ (Caused by NewConnectionError('<urllib3.connection.HTTPConnection object at 0x7fc4b6241b10>: Failed to establish a new connection: [Errno 111] Connection refused'))",error,false,
2025-07-19T19:02:26.521647+00:00,http://localhost:8000/scrape-jobs/,"{'url': 'http://malicious.example.com/payload.py', 'country': 'hacker world'}","HTTPConnectionPool(host='localhost', port=8000): Max retries exceeded with url: /scrape-jobs/ (Caused by NewConnectionError('<urllib3.connection.HTTPConnection object at 0x7fc4c4bf7390>: Failed to establish a new connection: [Errno 111] Connection refused'))",error,false,
2025-07-19T19:02:27.024040+00:00,http://localhost:8000/scrape-jobs/,"{'url': 'http://malicious.example.com/payload.py', 'country': 'hacker world'}","HTTPConnectionPool(host='localhost', port=8000): Max retries exceeded with url: /scrape-jobs/ (Caused by NewConnectionError('<urllib3.connection.HTTPConnection object at 0x7fc4b6241290>: Failed to establish a new connection: [Errno 111] Connection refused'))",error,false,
2025-07-19T19:02:27.526346+00:00,http://localhost:8000/scrape-jobs/,"{'url': 'http://malicious.example.com/payload.py', 'country': 'hacker world'}","HTTPConnectionPool(host='localhost', port=8000): Max retries exceeded with url: /scrape-jobs/ (Caused by NewConnectionError('<urllib3.connection.HTTPConnection object at 0x7fc4b6240890>: Failed to establish a new connection: [Errno 111] Connection refused'))",error,false,
2025-07-19T19:02:28.028256+00:00,http://localhost:8000/scrape-jobs/,"{'url': 'http://malicious.example.com/payload.py', 'country': 'hacker world'}","HTTPConnectionPool(host='localhost', port=8000): Max retries exceeded with url: /scrape-jobs/ (Caused by NewConnectionError('<urllib3.connection.HTTPConnection object at 0x7fc4b623c3d0>: Failed to establish a new connection: [Errno 111] Connection refused'))",error,false,
2025-07-19T19:02:28.529786+00:00,http://localhost:8000/scrape-jobs/,"{'url': 'http://malicious.example.com/payload.py', 'country': 'hacker world'}","HTTPConnectionPool(host='localhost', port=8000): Max retries exceeded with url: /scrape-jobs/ (Caused by NewConnectionError('<urllib3.connection.HTTPConnection object at 0x7fc4b623f190>: Failed to establish a new connection: [Errno 111] Connection refused'))",error,false,
2025-07-19T19:02:29.031731+00:00,http://localhost:8000/scrape-jobs/,"{'url': 'http://malicious.example.com/payload.py', 'country': 'hacker world'}","HTTPConnectionPool(host='localhost', port=8000): Max retries exceeded with url: /scrape-jobs/ (Caused by NewConnectionError('<urllib3.connection.HTTPConnection object at 0x7fc4b6228dd0>: Failed to establish a new connection: [Errno 111] Connection refused'))",error,false,
2025-07-19T19:02:29.533846+00:00,http://localhost:8000/scrape-jobs/,"{'url': 'http://malicious.example.com/payload.py', 'country': 'hacker world'}","HTTPConnectionPool(host='localhost', port=8000): Max retries exceeded with url: /scrape-jobs/ (Caused by NewConnectionError('<urllib3.connection.HTTPConnection object at 0x7fc4b9ed59d0>: Failed to establish a new connection: [Errno 111] Connection refused'))",error,false,
2025-07-19T19:02:32.750576+00:00,http://localhost:8000/scrape-jobs/,"{'url': 'http://malicious.example.com/payload.py', 'country': 'hacker world'}","HTTPConnectionPool(host='localhost', port=8000): Max retries exceeded with url: /scrape-jobs/ (Caused by NewConnectionError('<urllib3.connection.HTTPConnection object at 0x7fc4b9e5c0d0>: Failed to establish a new connection: [Errno 111] Connection refused'))",error,false,
2025-07-19T19:02:33.252328+00:00,http://localhost:8000/scrape-jobs/,"{'url': 'http://malicious.example.com/payload.py', 'country': 'hacker world'}","HTTPConnectionPool(host='localhost', port=8000): Max retries exceeded with url: /scrape-jobs/ (Caused by NewConnectionError('<urllib3.connection.HTTPConnection object at 0x7fc4b623dbd0>: Failed to establish a new connection: [Errno 111] Connection refused'))",error,false,
2025-07-19T19:02:33.754283+00:00,http://localhost:8000/scrape-jobs/,"{'url': 'http://malicious.example.com/payload.py', 'country': 'hacker world'}","HTTPConnectionPool(host='localhost', port=8000): Max retries exceeded with url: /scrape-jobs/ (Caused by NewConnectionError('<urllib3.connection.HTTPConnection object at 0x7fc4b623edd0>: Failed to establish a new connection: [Errno 111] Connection refused'))",error,false,
2025-07-19T19:02:34.255819+00:00,http://localhost:8000/scrape-jobs/,"{'url': 'http://malicious.example.com/payload.py', 'country': 'hacker world'}","HTTPConnectionPool(host='localhost', port=8000): Max retries exceeded with url: /scrape-jobs/ (Caused by NewConnectionError('<urllib3.connection.HTTPConnection object at 0x7fc4b622b290>: Failed to establish a new connection: [Errno 111] Connection refused'))",error,false,
2025-07-19T19:02:34.758052+00:00,http://localhost:8000/scrape-jobs/,"{'url': 'http://malicious.example.com/payload.py', 'country': 'hacker world'}","HTTPConnectionPool(host='localhost', port=8000): Max retries exceeded with url: /scrape-jobs/ (Caused by NewConnectionError('<urllib3.connection.HTTPConnection object at 0x7fc4b6241c90>: Failed to establish a new connection: [Errno 111] Connection refused'))",error,false,
2025-07-19T19:02:35.259868+00:00,http://localhost:8000/scrape-jobs/,"{'url': 'http://malicious.example.com/payload.py', 'country': 'hacker world'}","HTTPConnectionPool(host='localhost', port=8000): Max retries exceeded with url: /scrape-jobs/ (Caused by NewConnectionError('<urllib3.connection.HTTPConnection object at 0x7fc4b6242210>: Failed to establish a new connection: [Errno 111] Connection refused'))",error,false,
2025-07-19T19:02:35.761789+00:00,http://localhost:8000/scrape-jobs/,"{'url': 'http://malicious.example.com/payload.py', 'country': 'hacker world'}","HTTPConnectionPool(host='localhost', port=8000): Max retries exceeded with url: /scrape-jobs/ (Caused by NewConnectionError('<urllib3.connection.HTTPConnection object at 0x7fc4b9f10bd0>: Failed to establish a new connection: [Errno 111] Connection refused'))",error,false,
2025-07-19T19:02:36.263722+00:00,http://localhost:8000/scrape-jobs/,"{'url': 'http://malicious.example.com/payload.py', 'country': 'hacker world'}","HTTPConnectionPool(host='localhost', port=8000): Max retries exceeded with url: /scrape-jobs/ (Caused by NewConnectionError('<urllib3.connection.HTTPConnection object at 0x7fc4b6240550>: Failed to establish a new connection: [Errno 111] Connection refused'))",error,false,
2025-07-19T19:02:36.765654+00:00,http://localhost:8000/scrape-jobs/,"{'url': 'http://malicious.example.com/payload.py', 'country': 'hacker world'}","HTTPConnectionPool(host='localhost', port=8000): Max retries exceeded with url: /scrape-jobs/ (Caused by NewConnectionError('<urllib3.connection.HTTPConnection object at 0x7fc4b9f184d0>: Failed to establish a new connection: [Errno 111] Connection refused'))",error,false,
2025-07-19T19:02:37.267437+00:00,http://localhost:8000/scrape-jobs/,"{'url': 'http://malicious.example.com/payload.py', 'country': 'hacker world'}","HTTPConnectionPool(host='localhost', port=8000): Max retries exceeded with url: /scrape-jobs/ (Caused by NewConnectionError('<urllib3.connection.HTTPConnection object at 0x7fc4b623cd10>: Failed to establish a new connection: [Errno 111] Connection refused'))",error,false,
2025-07-19T19:02:37.769449+00:00,http://localhost:8000/scrape-jobs/,"{'url': 'http://malicious.example.com/payload.py', 'country': 'hacker world'}","HTTPConnectionPool(host='localhost', port=8000): Max retries exceeded with url: /scrape-jobs/ (Caused by NewConnectionError('<urllib3.connection.HTTPConnection object at 0x7fc4b622b7d0>: Failed to establish a new connection: [Errno 111] Connection refused'))",error,false,
2025-07-19T19:02:38.271511+00:00,http://localhost:8000/scrape-jobs/,"{'url': 'http://malicious.example.com/payload.py', 'country': 'hacker world'}","HTTPConnectionPool(host='localhost', port=8000): Max retries exceeded with url: /scrape-jobs/ (Caused by NewConnectionError('<urllib3.connection.HTTPConnection object at 0x7fc4b622ab10>: Failed to establish a new connection: [Errno 111] Connection refused'))",error,false,
2025-07-19T19:02:38.773726+00:00,http://localhost:8000/scrape-jobs/,"{'url': 'http://malicious.example.com/payload.py', 'country': 'hacker world'}","HTTPConnectionPool(host='localhost', port=8000): Max retries exceeded with url: /scrape-jobs/ (Caused by NewConnectionError('<urllib3.connection.HTTPConnection object at 0x7fc4b9ebd190>: Failed to establish a new connection: [Errno 111] Connection refused'))",error,false,
2025-07-19T19:02:39.275424+00:00,http://localhost:8000/scrape-jobs/,"{'url': 'http://malicious.example.com/payload.py', 'country': 'hacker world'}","HTTPConnectionPool(host='localhost', port=8000): Max retries exceeded with url: /scrape-jobs/ (Caused by NewConnectionError('<urllib3.connection.HTTPConnection object at 0x7fc4b623dcd0>: Failed to establish a new connection: [Errno 111] Connection refused'))",error,false,
2025-07-19T19:02:39.777456+00:00,http://localhost:8000/scrape-jobs/,"{'url': 'http://malicious.example.com/payload.py', 'country': 'hacker world'}","HTTPConnectionPool(host='localhost', port=8000): Max retries exceeded with url: /scrape-jobs/ (Caused by NewConnectionError('<urllib3.connection.HTTPConnection object at 0x7fc4b9f18310>: Failed to establish a new connection: [Errno 111] Connection refused'))",error,false,
2025-07-19T19:02:40.279587+00:00,http://localhost:8000/scrape-jobs/,"{'url': 'http://malicious.example.com/payload.py', 'country': 'hacker world'}","HTTPConnectionPool(host='localhost', port=8000): Max retries exceeded with url: /scrape-jobs/ (Caused by NewConnectionError('<urllib3.connection.HTTPConnection object at 0x7fc4b6228390>: Failed to establish a new connection: [Errno 111] Connection refused'))",error,false,
2025-07-19T19:02:40.781111+00:00,http://localhost:8000/scrape-jobs/,"{'url': 'http://malicious.example.com/payload.py', 'country': 'hacker world'}","HTTPConnectionPool(host='localhost', port=8000): Max retries exceeded with url: /scrape-jobs/ (Caused by NewConnectionError('<urllib3.connection.HTTPConnection object at 0x7fc4b62423d0>: Failed to establish a new connection: [Errno 111] Connection refused'))",error,false,
2025-07-19T19:02:41.282983+00:00,http://localhost:8000/scrape-jobs/,"{'url': 'http://malicious.example.com/payload.py', 'country': 'hacker world'}","HTTPConnectionPool(host='localhost', port=8000): Max retries exceeded with url: /scrape-jobs/ (Caused by NewConnectionError('<urllib3.connection.HTTPConnection object at 0x7fc4b9f12310>: Failed to establish a new connection: [Errno 111] Connection refused'))",error,false,
2025-07-19T19:02:41.784969+00:00,http://localhost:8000/scrape-jobs/,"{'url': 'http://malicious.example.com/payload.py', 'country': 'hacker world'}","HTTPConnectionPool(host='localhost', port=8000): Max retries exceeded with url: /scrape-jobs/ (Caused by NewConnectionError('<urllib3.connection.HTTPConnection object at 0x7fc4b9e0df50>: Failed to establish a new connection: [Errno 111] Connection refused'))",error,false,
2025-07-19T19:02:42.286479+00:00,http://localhost:8000/scrape-jobs/,"{'url': 'http://malicious.example.com/payload.py', 'country': 'hacker world'}","HTTPConnectionPool(host='localhost', port=8000): Max retries exceeded with url: /scrape-jobs/ (Caused by NewConnectionError('<urllib3.connection.HTTPConnection object at 0x7fc4b62422d0>: Failed to establish a new connection: [Errno 111] Connection refused'))",error,false,
2025-07-19T19:02:42.787634+00:00,http://localhost:8000/scrape-jobs/,"{'url': 'http://malicious.example.com/payload.py', 'country': 'hacker world'}","HTTPConnectionPool(host='localhost', port=8000): Max retries exceeded with url: /scrape-jobs/ (Caused by NewConnectionError('<urllib3.connection.HTTPConnection object at 0x7fc4b6241950>: Failed to establish a new connection: [Errno 111] Connection refused'))",error,false,
2025-07-19T19:02:43.288977+00:00,http://localhost:8000/scrape-jobs/,"{'url': 'http://malicious.example.com/payload.py', 'country': 'hacker world'}","HTTPConnectionPool(host='localhost', port=8000): Max retries exceeded with url: /scrape-jobs/ (Caused by NewConnectionError('<urllib3.connection.HTTPConnection object at 0x7fc4b623fa50>: Failed to establish a new connection: [Errno 111] Connection refused'))",error,false,
2025-07-19T19:02:43.790446+00:00,http://localhost:8000/scrape-jobs/,"{'url': 'http://malicious.example.com/payload.py', 'country': 'hacker world'}","HTTPConnectionPool(host='localhost', port=8000): Max retries exceeded with url: /scrape-jobs/ (Caused by NewConnectionError('<urllib3.connection.HTTPConnection object at 0x7fc4b6228450>: Failed to establish a new connection: [Errno 111] Connection refused'))",error,false,
2025-07-19T19:02:44.292441+00:00,http://localhost:8000/scrape-jobs/,"{'url': 'http://malicious.example.com/payload.py', 'country': 'hacker world'}","HTTPConnectionPool(host='localhost', port=8000): Max retries exceeded with url: /scrape-jobs/ (Caused by NewConnectionError('<urllib3.connection.HTTPConnection object at 0x7fc4b9ebeed0>: Failed to establish a new connection: [Errno 111] Connection refused'))",error,false,
2025-07-19T19:02:44.793964+00:00,http://localhost:8000/scrape-jobs/,"{'url': 'http://malicious.example.com/payload.py', 'country': 'hacker world'}","HTTPConnectionPool(host='localhost', port=8000): Max retries exceeded with url: /scrape-jobs/ (Caused by NewConnectionError('<urllib3.connection.HTTPConnection object at 0x7fc4b623ff90>: Failed to establish a new connection: [Errno 111] Connection refused'))",error,false,
2025-07-19T19:02:45.295463+00:00,http://localhost:8000/scrape-jobs/,"{'url': 'http://malicious.example.com/payload.py', 'country': 'hacker world'}","HTTPConnectionPool(host='localhost', port=8000): Max retries exceeded with url: /scrape-jobs/ (Caused by NewConnectionError('<urllib3.connection.HTTPConnection object at 0x7fc4b623e050>: Failed to establish a new connection: [Errno 111] Connection refused'))",error,false,
2025-07-19T19:02:45.796686+00:00,http://localhost:8000/scrape-jobs/,"{'url': 'http://malicious.example.com/payload.py', 'country': 'hacker world'}","HTTPConnectionPool(host='localhost', port=8000): Max retries exceeded with url: /scrape-jobs/ (Caused by NewConnectionError('<urllib3.connection.HTTPConnection object at 0x7fc4ba003990>: Failed to establish a new connection: [Errno 111] Connection refused'))",error,false,
2025-07-19T19:02:46.298571+00:00,http://localhost:8000/scrape-jobs/,"{'url': 'http://malicious.example.com/payload.py', 'country': 'hacker world'}","HTTPConnectionPool(host='localhost', port=8000): Max retries exceeded with url: /scrape-jobs/ (Caused by NewConnectionError('<urllib3.connection.HTTPConnection object at 0x7fc4b622b1d0>: Failed to establish a new connection: [Errno 111] Connection refused'))",error,false,
2025-07-19T19:02:46.800566+00:00,http://localhost:8000/scrape-jobs/,"{'url': 'http://malicious.example.com/payload.py', 'country': 'hacker world'}","HTTPConnectionPool(host='localhost', port=8000): Max retries exceeded with url: /scrape-jobs/ (Caused by NewConnectionError('<urllib3.connection.HTTPConnection object at 0x7fc4b6241850>: Failed to establish a new connection: [Errno 111] Connection refused'))",error,false,
2025-07-19T19:02:47.302300+00:00,http://localhost:8000/scrape-jobs/,"{'url': 'http://malicious.example.com/payload.py', 'country': 'hacker world'}","HTTPConnectionPool(host='localhost', port=8000): Max retries exceeded with url: /scrape-jobs/ (Caused by NewConnectionError('<urllib3.connection.HTTPConnection object at 0x7fc4b9e0df90>: Failed to establish a new connection: [Errno 111] Connection refused'))",error,false,
2025-07-19T19:02:47.804279+00:00,http://localhost:8000/scrape-jobs/,"{'url': 'http://malicious.example.com/payload.py', 'country': 'hacker world'}","HTTPConnectionPool(host='localhost', port=8000): Max retries exceeded with url: /scrape-jobs/ (Caused by NewConnectionError('<urllib3.connection.HTTPConnection object at 0x7fc4b63fdbd0>: Failed to establish a new connection: [Errno 111] Connection refused'))",error,false,
2025-07-19T19:02:48.305855+00:00,http://localhost:8000/scrape-jobs/,"{'url': 'http://malicious.example.com/payload.py', 'country': 'hacker world'}","HTTPConnectionPool(host='localhost', port=8000): Max retries exceeded with url: /scrape-jobs/ (Caused by NewConnectionError('<urllib3.connection.HTTPConnection object at 0x7fc4b6243a90>: Failed to establish a new connection: [Errno 111] Connection refused'))",error,false,
2025-07-19T19:02:48.807770+00:00,http://localhost:8000/scrape-jobs/,"{'url': 'http://malicious.example.com/payload.py', 'country': 'hacker world'}","HTTPConnectionPool(host='localhost', port=8000): Max retries exceeded with url: /scrape-jobs/ (Caused by NewConnectionError('<urllib3.connection.HTTPConnection object at 0x7fc4b6242190>: Failed to establish a new connection: [Errno 111] Connection refused'))",error,false,
2025-07-19T19:02:49.308797+00:00,http://localhost:8000/scrape-jobs/,"{'url': 'http://malicious.example.com/payload.py', 'country': 'hacker world'}","HTTPConnectionPool(host='localhost', port=8000): Max retries exceeded with url: /scrape-jobs/ (Caused by NewConnectionError('<urllib3.connection.HTTPConnection object at 0x7fc4b6228b10>: Failed to establish a new connection: [Errno 111] Connection refused'))",error,false,
2025-07-19T19:02:49.810542+00:00,http://localhost:8000/scrape-jobs/,"{'url': 'http://malicious.example.com/payload.py', 'country': 'hacker world'}","HTTPConnectionPool(host='localhost', port=8000): Max retries exceeded with url: /scrape-jobs/ (Caused by NewConnectionError('<urllib3.connection.HTTPConnection object at 0x7fc4b623d7d0>: Failed to establish a new connection: [Errno 111] Connection refused'))",error,false,
2025-07-19T19:02:50.312733+00:00,http://localhost:8000/scrape-jobs/,"{'url': 'http://malicious.example.com/payload.py', 'country': 'hacker world'}","HTTPConnectionPool(host='localhost', port=8000): Max retries exceeded with url: /scrape-jobs/ (Caused by NewConnectionError('<urllib3.connection.HTTPConnection object at 0x7fc4b623c850>: Failed to establish a new connection: [Errno 111] Connection refused'))",error,false,
2025-07-19T19:02:50.814810+00:00,http://localhost:8000/scrape-jobs/,"{'url': 'http://malicious.example.com/payload.py', 'country': 'hacker world'}","HTTPConnectionPool(host='localhost', port=8000): Max retries exceeded with url: /scrape-jobs/ (Caused by NewConnectionError('<urllib3.connection.HTTPConnection object at 0x7fc4b623d950>: Failed to establish a new connection: [Errno 111] Connection refused'))",error,false,
2025-07-19T19:02:51.316716+00:00,http://localhost:8000/scrape-jobs/,"{'url': 'http://malicious.example.com/payload.py', 'country': 'hacker world'}","HTTPConnectionPool(host='localhost', port=8000): Max retries exceeded with url: /scrape-jobs/ (Caused by NewConnectionError('<urllib3.connection.HTTPConnection object at 0x7fc4b623c990>: Failed to establish a new connection: [Errno 111] Connection refused'))",error,false,
